file,line,type,commit,author,date,time,timezone,datetime,depth,length
style.css,1,css,5ec91e2e,ryan atienza,2026-04-11,21:04:05,-07:00,2026-04-11T21:04:05-07:00,0,5
style.css,2,css,ab294fe5,ryan atienza,2026-04-18,20:28:11,-07:00,2026-04-18T20:28:11-07:00,1,23
style.css,3,css,5ec91e2e,ryan atienza,2026-04-11,21:04:05,-07:00,2026-04-11T21:04:05-07:00,1,45
style.css,4,css,5ec91e2e,ryan atienza,2026-04-11,21:04:05,-07:00,2026-04-11T21:04:05-07:00,0,0
style.css,5,css,5ec91e2e,ryan atienza,2026-04-11,21:04:05,-07:00,2026-04-11T21:04:05-07:00,0,0
style.css,6,css,d9202441,ryan atienza,2026-04-06,21:34:46,-07:00,2026-04-06T21:34:46-07:00,0,4
style.css,7,css,d9202441,ryan atienza,2026-04-06,21:34:46,-07:00,2026-04-06T21:34:46-07:00,1,43
style.css,8,css,d9202441,ryan atienza,2026-04-06,21:34:46,-07:00,2026-04-06T21:34:46-07:00,0,42
style.css,9,css,d9202441,ryan atienza,2026-04-06,21:34:46,-07:00,2026-04-06T21:34:46-07:00,0,0
style.css,10,css,d9202441,ryan atienza,2026-04-06,21:34:46,-07:00,2026-04-06T21:34:46-07:00,1,23
style.css,11,css,908e6515,ryan atienza,2026-04-11,20:41:51,-07:00,2026-04-11T20:41:51-07:00,1,15
style.css,12,css,908e6515,ryan atienza,2026-04-11,20:41:51,-07:00,2026-04-11T20:41:51-07:00,1,18
style.css,13,css,908e6515,ryan atienza,2026-04-11,20:41:51,-07:00,2026-04-11T20:41:51-07:00,1,11
style.css,14,css,ab294fe5,ryan atienza,2026-04-18,20:28:11,-07:00,2026-04-18T20:28:11-07:00,1,39
style.css,15,css,473607e3,ryan atienza,2026-04-11,20:43:30,-07:00,2026-04-11T20:43:30-07:00,0,0
style.css,16,css,473607e3,ryan atienza,2026-04-11,20:43:30,-07:00,2026-04-11T20:43:30-07:00,0,0
style.css,17,css,473607e3,ryan atienza,2026-04-11,20:43:30,-07:00,2026-04-11T20:43:30-07:00,0,3
style.css,18,css,97394928,ryan atienza,2026-04-11,20:47:53,-07:00,2026-04-11T20:47:53-07:00,1,13
style.css,19,css,8c7b1219,ryan atienza,2026-04-11,21:55:14,-07:00,2026-04-11T21:55:14-07:00,1,11
style.css,20,css,ab294fe5,ryan atienza,2026-04-18,20:28:11,-07:00,2026-04-18T20:28:11-07:00,0,0
style.css,21,css,473607e3,ryan atienza,2026-04-11,20:43:30,-07:00,2026-04-11T20:43:30-07:00,0,0
style.css,22,css,ab294fe5,ryan atienza,2026-04-18,20:28:11,-07:00,2026-04-18T20:28:11-07:00,0,13
style.css,23,css,ab294fe5,ryan atienza,2026-04-18,20:28:11,-07:00,2026-04-18T20:28:11-07:00,1,17
style.css,24,css,ab294fe5,ryan atienza,2026-04-18,20:28:11,-07:00,2026-04-18T20:28:11-07:00,1,8
style.css,25,css,ab294fe5,ryan atienza,2026-04-18,20:28:11,-07:00,2026-04-18T20:28:11-07:00,1,10
style.css,26,css,ab294fe5,ryan atienza,2026-04-18,20:28:11,-07:00,2026-04-18T20:28:11-07:00,1,13
style.css,27,css,ab294fe5,ryan atienza,2026-04-18,20:28:11,-07:00,2026-04-18T20:28:11-07:00,1,19
style.css,28,css,36e2d6d0,ryan atienza,2026-04-11,20:51:05,-07:00,2026-04-11T20:51:05-07:00,0,0
style.css,29,css,36e2d6d0,ryan atienza,2026-04-11,20:51:05,-07:00,2026-04-11T20:51:05-07:00,0,0
style.css,30,css,36e2d6d0,ryan atienza,2026-04-11,20:51:05,-07:00,2026-04-11T20:51:05-07:00,0,3
style.css,31,css,36e2d6d0,ryan atienza,2026-04-11,20:51:05,-07:00,2026-04-11T20:51:05-07:00,1,12
style.css,32,css,5ec91e2e,ryan atienza,2026-04-11,21:04:05,-07:00,2026-04-11T21:04:05-07:00,1,17
style.css,33,css,5ec91e2e,ryan atienza,2026-04-11,21:04:05,-07:00,2026-04-11T21:04:05-07:00,1,23
style.css,34,css,5ec91e2e,ryan atienza,2026-04-11,21:04:05,-07:00,2026-04-11T21:04:05-07:00,1,25
style.css,35,css,ab294fe5,ryan atienza,2026-04-18,20:28:11,-07:00,2026-04-18T20:28:11-07:00,1,39
style.css,36,css,ab294fe5,ryan atienza,2026-04-18,20:28:11,-07:00,2026-04-18T20:28:11-07:00,1,39
style.css,37,css,ab294fe5,ryan atienza,2026-04-18,20:28:11,-07:00,2026-04-18T20:28:11-07:00,0,0
style.css,38,css,36e2d6d0,ryan atienza,2026-04-11,20:51:05,-07:00,2026-04-11T20:51:05-07:00,0,0
style.css,39,css,36e2d6d0,ryan atienza,2026-04-11,20:51:05,-07:00,2026-04-11T20:51:05-07:00,0,0
style.css,40,css,36e2d6d0,ryan atienza,2026-04-11,20:51:05,-07:00,2026-04-11T20:51:05-07:00,0,5
style.css,41,css,36e2d6d0,ryan atienza,2026-04-11,20:51:05,-07:00,2026-04-11T20:51:05-07:00,1,6
style.css,42,css,5ec91e2e,ryan atienza,2026-04-11,21:04:05,-07:00,2026-04-11T21:04:05-07:00,1,20
style.css,43,css,5ec91e2e,ryan atienza,2026-04-11,21:04:05,-07:00,2026-04-11T21:04:05-07:00,1,13
style.css,44,css,5ec91e2e,ryan atienza,2026-04-11,21:04:05,-07:00,2026-04-11T21:04:05-07:00,1,17
style.css,45,css,5ec91e2e,ryan atienza,2026-04-11,21:04:05,-07:00,2026-04-11T21:04:05-07:00,1,13
style.css,46,css,5ec91e2e,ryan atienza,2026-04-11,21:04:05,-07:00,2026-04-11T21:04:05-07:00,0,0
style.css,47,css,5ec91e2e,ryan atienza,2026-04-11,21:04:05,-07:00,2026-04-11T21:04:05-07:00,0,0
style.css,48,css,5ec91e2e,ryan atienza,2026-04-11,21:04:05,-07:00,2026-04-11T21:04:05-07:00,0,13
style.css,49,css,5ec91e2e,ryan atienza,2026-04-11,21:04:05,-07:00,2026-04-11T21:04:05-07:00,1,25
style.css,50,css,5ec91e2e,ryan atienza,2026-04-11,21:04:05,-07:00,2026-04-11T21:04:05-07:00,1,37
style.css,51,css,40a4cf00,ryan atienza,2026-04-11,21:07:28,-07:00,2026-04-11T21:07:28-07:00,1,25
style.css,52,css,b00dbcb5,ryan atienza,2026-04-11,21:25:12,-07:00,2026-04-11T21:25:12-07:00,1,21
style.css,53,css,5ec91e2e,ryan atienza,2026-04-11,21:04:05,-07:00,2026-04-11T21:04:05-07:00,0,0
style.css,54,css,5ec91e2e,ryan atienza,2026-04-11,21:04:05,-07:00,2026-04-11T21:04:05-07:00,0,0
style.css,55,css,5ec91e2e,ryan atienza,2026-04-11,21:04:05,-07:00,2026-04-11T21:04:05-07:00,0,0
style.css,56,css,5ec91e2e,ryan atienza,2026-04-11,21:04:05,-07:00,2026-04-11T21:04:05-07:00,0,11
style.css,57,css,5ec91e2e,ryan atienza,2026-04-11,21:04:05,-07:00,2026-04-11T21:04:05-07:00,1,25
style.css,58,css,5ec91e2e,ryan atienza,2026-04-11,21:04:05,-07:00,2026-04-11T21:04:05-07:00,1,39
style.css,59,css,40a4cf00,ryan atienza,2026-04-11,21:07:28,-07:00,2026-04-11T21:07:28-07:00,1,25
style.css,60,css,5ec91e2e,ryan atienza,2026-04-11,21:04:05,-07:00,2026-04-11T21:04:05-07:00,1,20
style.css,61,css,89e9daf7,ryan atienza,2026-04-18,20:36:47,-07:00,2026-04-18T20:36:47-07:00,1,69
style.css,62,css,b00dbcb5,ryan atienza,2026-04-11,21:25:12,-07:00,2026-04-11T21:25:12-07:00,0,0
style.css,63,css,b00dbcb5,ryan atienza,2026-04-11,21:25:12,-07:00,2026-04-11T21:25:12-07:00,0,0
style.css,64,css,b00dbcb5,ryan atienza,2026-04-11,21:25:12,-07:00,2026-04-11T21:25:12-07:00,0,4
style.css,65,css,a6cfe71c,ryan atienza,2026-04-11,21:32:23,-07:00,2026-04-11T21:32:23-07:00,1,12
style.css,66,css,a6cfe71c,ryan atienza,2026-04-11,21:32:23,-07:00,2026-04-11T21:32:23-07:00,1,30
style.css,67,css,a6cfe71c,ryan atienza,2026-04-11,21:32:23,-07:00,2026-04-11T21:32:23-07:00,1,7
style.css,68,css,b00dbcb5,ryan atienza,2026-04-11,21:25:12,-07:00,2026-04-11T21:25:12-07:00,0,0
style.css,69,css,b00dbcb5,ryan atienza,2026-04-11,21:25:12,-07:00,2026-04-11T21:25:12-07:00,0,0
style.css,70,css,b00dbcb5,ryan atienza,2026-04-11,21:25:12,-07:00,2026-04-11T21:25:12-07:00,0,5
style.css,71,css,a6cfe71c,ryan atienza,2026-04-11,21:32:23,-07:00,2026-04-11T21:32:23-07:00,1,12
style.css,72,css,a6cfe71c,ryan atienza,2026-04-11,21:32:23,-07:00,2026-04-11T21:32:23-07:00,1,29
style.css,73,css,a6cfe71c,ryan atienza,2026-04-11,21:32:23,-07:00,2026-04-11T21:32:23-07:00,1,18
style.css,74,css,a6cfe71c,ryan atienza,2026-04-11,21:32:23,-07:00,2026-04-11T21:32:23-07:00,0,0
style.css,75,css,a6cfe71c,ryan atienza,2026-04-11,21:32:23,-07:00,2026-04-11T21:32:23-07:00,0,0
style.css,76,css,a6cfe71c,ryan atienza,2026-04-11,21:32:23,-07:00,2026-04-11T21:32:23-07:00,0,21
style.css,77,css,a6cfe71c,ryan atienza,2026-04-11,21:32:23,-07:00,2026-04-11T21:32:23-07:00,1,18
style.css,78,css,7c752d1a,ryan atienza,2026-04-11,21:44:39,-07:00,2026-04-11T21:44:39-07:00,0,0
style.css,79,css,7c752d1a,ryan atienza,2026-04-11,21:44:39,-07:00,2026-04-11T21:44:39-07:00,0,0
style.css,80,css,7c752d1a,ryan atienza,2026-04-11,21:44:39,-07:00,2026-04-11T21:44:39-07:00,0,9
style.css,81,css,7c752d1a,ryan atienza,2026-04-11,21:44:39,-07:00,2026-04-11T21:44:39-07:00,1,12
style.css,82,css,7c752d1a,ryan atienza,2026-04-11,21:44:39,-07:00,2026-04-11T21:44:39-07:00,1,58
style.css,83,css,8c7b1219,ryan atienza,2026-04-11,21:55:14,-07:00,2026-04-11T21:55:14-07:00,1,7
style.css,84,css,7c3ec6b1,ryan atienza,2026-04-11,21:51:01,-07:00,2026-04-11T21:51:01-07:00,0,0
style.css,85,css,7c3ec6b1,ryan atienza,2026-04-11,21:51:01,-07:00,2026-04-11T21:51:01-07:00,0,0
style.css,86,css,7c3ec6b1,ryan atienza,2026-04-11,21:51:01,-07:00,2026-04-11T21:51:01-07:00,0,17
style.css,87,css,7c3ec6b1,ryan atienza,2026-04-11,21:51:01,-07:00,2026-04-11T21:51:01-07:00,1,12
style.css,88,css,7c3ec6b1,ryan atienza,2026-04-11,21:51:01,-07:00,2026-04-11T21:51:01-07:00,1,26
style.css,89,css,7c3ec6b1,ryan atienza,2026-04-11,21:51:01,-07:00,2026-04-11T21:51:01-07:00,1,15
style.css,90,css,7c3ec6b1,ryan atienza,2026-04-11,21:51:01,-07:00,2026-04-11T21:51:01-07:00,1,7
style.css,91,css,7c3ec6b1,ryan atienza,2026-04-11,21:51:01,-07:00,2026-04-11T21:51:01-07:00,0,0
style.css,92,css,7c3ec6b1,ryan atienza,2026-04-11,21:51:01,-07:00,2026-04-11T21:51:01-07:00,0,0
style.css,93,css,7c3ec6b1,ryan atienza,2026-04-11,21:51:01,-07:00,2026-04-11T21:51:01-07:00,0,12
style.css,94,css,7c3ec6b1,ryan atienza,2026-04-11,21:51:01,-07:00,2026-04-11T21:51:01-07:00,1,8
style.css,95,css,7c3ec6b1,ryan atienza,2026-04-11,21:51:01,-07:00,2026-04-11T21:51:01-07:00,0,0
style.css,96,css,7c3ec6b1,ryan atienza,2026-04-11,21:51:01,-07:00,2026-04-11T21:51:01-07:00,0,0
style.css,97,css,7c3ec6b1,ryan atienza,2026-04-11,21:51:01,-07:00,2026-04-11T21:51:01-07:00,0,2
style.css,98,css,7c3ec6b1,ryan atienza,2026-04-11,21:51:01,-07:00,2026-04-11T21:51:01-07:00,1,13
style.css,99,css,7c3ec6b1,ryan atienza,2026-04-11,21:51:01,-07:00,2026-04-11T21:51:01-07:00,0,0
style.css,100,css,7c3ec6b1,ryan atienza,2026-04-11,21:51:01,-07:00,2026-04-11T21:51:01-07:00,0,0
style.css,101,css,7c3ec6b1,ryan atienza,2026-04-11,21:51:01,-07:00,2026-04-11T21:51:01-07:00,0,22
style.css,102,css,7c3ec6b1,ryan atienza,2026-04-11,21:51:01,-07:00,2026-04-11T21:51:01-07:00,1,15
style.css,103,css,7c3ec6b1,ryan atienza,2026-04-11,21:51:01,-07:00,2026-04-11T21:51:01-07:00,1,17
style.css,104,css,8208cee0,ryan atienza,2026-04-11,22:05:04,-07:00,2026-04-11T22:05:04-07:00,0,0
style.css,105,css,8208cee0,ryan atienza,2026-04-11,22:05:04,-07:00,2026-04-11T22:05:04-07:00,0,0
style.css,106,css,8208cee0,ryan atienza,2026-04-11,22:05:04,-07:00,2026-04-11T22:05:04-07:00,0,7
style.css,107,css,8208cee0,ryan atienza,2026-04-11,22:05:04,-07:00,2026-04-11T22:05:04-07:00,1,16
style.css,108,css,8208cee0,ryan atienza,2026-04-11,22:05:04,-07:00,2026-04-11T22:05:04-07:00,1,18
style.css,109,css,8208cee0,ryan atienza,2026-04-11,22:05:04,-07:00,2026-04-11T22:05:04-07:00,1,41
style.css,110,css,8208cee0,ryan atienza,2026-04-11,22:05:04,-07:00,2026-04-11T22:05:04-07:00,0,0
style.css,111,css,8208cee0,ryan atienza,2026-04-11,22:05:04,-07:00,2026-04-11T22:05:04-07:00,0,0
style.css,112,css,8208cee0,ryan atienza,2026-04-11,22:05:04,-07:00,2026-04-11T22:05:04-07:00,0,10
style.css,113,css,8208cee0,ryan atienza,2026-04-11,22:05:04,-07:00,2026-04-11T22:05:04-07:00,1,43
style.css,114,css,8208cee0,ryan atienza,2026-04-11,22:05:04,-07:00,2026-04-11T22:05:04-07:00,1,20
style.css,115,css,8208cee0,ryan atienza,2026-04-11,22:05:04,-07:00,2026-04-11T22:05:04-07:00,1,19
style.css,116,css,8208cee0,ryan atienza,2026-04-11,22:05:04,-07:00,2026-04-11T22:05:04-07:00,0,0
style.css,117,css,8208cee0,ryan atienza,2026-04-11,22:05:04,-07:00,2026-04-11T22:05:04-07:00,0,0
style.css,118,css,8208cee0,ryan atienza,2026-04-11,22:05:04,-07:00,2026-04-11T22:05:04-07:00,0,10
style.css,119,css,8208cee0,ryan atienza,2026-04-11,22:05:04,-07:00,2026-04-11T22:05:04-07:00,1,19
style.css,120,css,8208cee0,ryan atienza,2026-04-11,22:05:04,-07:00,2026-04-11T22:05:04-07:00,0,0
style.css,121,css,8208cee0,ryan atienza,2026-04-11,22:05:04,-07:00,2026-04-11T22:05:04-07:00,0,9
style.css,122,css,8208cee0,ryan atienza,2026-04-11,22:05:04,-07:00,2026-04-11T22:05:04-07:00,1,8
style.css,123,css,8208cee0,ryan atienza,2026-04-11,22:05:04,-07:00,2026-04-11T22:05:04-07:00,1,21
style.css,124,css,8208cee0,ryan atienza,2026-04-11,22:05:04,-07:00,2026-04-11T22:05:04-07:00,0,0
style.css,125,css,8208cee0,ryan atienza,2026-04-11,22:05:04,-07:00,2026-04-11T22:05:04-07:00,0,0
style.css,126,css,8208cee0,ryan atienza,2026-04-11,22:05:04,-07:00,2026-04-11T22:05:04-07:00,0,0
style.css,127,css,8208cee0,ryan atienza,2026-04-11,22:05:04,-07:00,2026-04-11T22:05:04-07:00,0,10
style.css,128,css,8208cee0,ryan atienza,2026-04-11,22:05:04,-07:00,2026-04-11T22:05:04-07:00,1,16
style.css,129,css,876eef75,ryan atienza,2026-04-11,22:17:37,-07:00,2026-04-11T22:17:37-07:00,0,0
style.css,130,css,876eef75,ryan atienza,2026-04-11,22:17:37,-07:00,2026-04-11T22:17:37-07:00,0,0
style.css,131,css,876eef75,ryan atienza,2026-04-11,22:17:37,-07:00,2026-04-11T22:17:37-07:00,0,7
style.css,132,css,9d6bf5f9,ryan atienza,2026-04-11,22:26:43,-07:00,2026-04-11T22:26:43-07:00,1,63
style.css,133,css,876eef75,ryan atienza,2026-04-11,22:17:37,-07:00,2026-04-11T22:17:37-07:00,1,17
style.css,134,css,876eef75,ryan atienza,2026-04-11,22:17:37,-07:00,2026-04-11T22:17:37-07:00,1,13
style.css,135,css,876eef75,ryan atienza,2026-04-11,22:17:37,-07:00,2026-04-11T22:17:37-07:00,1,16
style.css,136,css,6dc54358,ryan atienza,2026-04-24,19:37:24,-07:00,2026-04-24T19:37:24-07:00,0,0
style.css,137,css,6dc54358,ryan atienza,2026-04-24,19:37:24,-07:00,2026-04-24T19:37:24-07:00,0,0
style.css,138,css,6dc54358,ryan atienza,2026-04-24,19:37:24,-07:00,2026-04-24T19:37:24-07:00,0,17
style.css,139,css,6dc54358,ryan atienza,2026-04-24,19:37:24,-07:00,2026-04-24T19:37:24-07:00,1,12
style.css,140,css,6dc54358,ryan atienza,2026-04-24,19:37:24,-07:00,2026-04-24T19:37:24-07:00,1,36
style.css,141,css,6dc54358,ryan atienza,2026-04-24,19:37:24,-07:00,2026-04-24T19:37:24-07:00,0,0
style.css,142,css,6dc54358,ryan atienza,2026-04-24,19:37:24,-07:00,2026-04-24T19:37:24-07:00,0,0
style.css,143,css,6dc54358,ryan atienza,2026-04-24,19:37:24,-07:00,2026-04-24T19:37:24-07:00,0,17
style.css,144,css,6dc54358,ryan atienza,2026-04-24,19:37:24,-07:00,2026-04-24T19:37:24-07:00,1,10
style.css,145,css,6dc54358,ryan atienza,2026-04-24,19:37:24,-07:00,2026-04-24T19:37:24-07:00,1,16
style.css,146,css,6dc54358,ryan atienza,2026-04-24,19:37:24,-07:00,2026-04-24T19:37:24-07:00,1,21
style.css,147,css,6dc54358,ryan atienza,2026-04-24,19:37:24,-07:00,2026-04-24T19:37:24-07:00,1,24
style.css,148,css,6dc54358,ryan atienza,2026-04-24,19:37:24,-07:00,2026-04-24T19:37:24-07:00,1,21
style.css,149,css,6dc54358,ryan atienza,2026-04-24,19:37:24,-07:00,2026-04-24T19:37:24-07:00,0,0
style.css,150,css,6dc54358,ryan atienza,2026-04-24,19:37:24,-07:00,2026-04-24T19:37:24-07:00,0,0
style.css,151,css,6dc54358,ryan atienza,2026-04-24,19:37:24,-07:00,2026-04-24T19:37:24-07:00,0,17
style.css,152,css,6dc54358,ryan atienza,2026-04-24,19:37:24,-07:00,2026-04-24T19:37:24-07:00,1,10
style.css,153,css,6dc54358,ryan atienza,2026-04-24,19:37:24,-07:00,2026-04-24T19:37:24-07:00,1,15
style.css,154,css,6dc54358,ryan atienza,2026-04-24,19:37:24,-07:00,2026-04-24T19:37:24-07:00,1,16
style.css,155,css,6dc54358,ryan atienza,2026-04-24,19:37:24,-07:00,2026-04-24T19:37:24-07:00,1,8
style.css,156,css,0ec4269a,ryan atienza,2026-05-01,22:32:58,-07:00,2026-05-01T22:32:58-07:00,0,0
style.css,157,css,0ec4269a,ryan atienza,2026-05-01,22:32:58,-07:00,2026-05-01T22:32:58-07:00,0,0
style.css,158,css,0ec4269a,ryan atienza,2026-05-01,22:32:58,-07:00,2026-05-01T22:32:58-07:00,0,13
style.css,159,css,0ec4269a,ryan atienza,2026-05-01,22:32:58,-07:00,2026-05-01T22:32:58-07:00,1,30
style.css,160,css,0ec4269a,ryan atienza,2026-05-01,22:32:58,-07:00,2026-05-01T22:32:58-07:00,1,34
style.css,161,css,0ec4269a,ryan atienza,2026-05-01,22:32:58,-07:00,2026-05-01T22:32:58-07:00,1,10
style.css,162,css,0ec4269a,ryan atienza,2026-05-01,22:32:58,-07:00,2026-05-01T22:32:58-07:00,1,17
style.css,163,css,0ec4269a,ryan atienza,2026-05-01,22:32:58,-07:00,2026-05-01T22:32:58-07:00,0,0
style.css,164,css,0ec4269a,ryan atienza,2026-05-01,22:32:58,-07:00,2026-05-01T22:32:58-07:00,0,0
style.css,165,css,0ec4269a,ryan atienza,2026-05-01,22:32:58,-07:00,2026-05-01T22:32:58-07:00,0,18
style.css,166,css,0ec4269a,ryan atienza,2026-05-01,22:32:58,-07:00,2026-05-01T22:32:58-07:00,1,14
style.css,167,css,0ec4269a,ryan atienza,2026-05-01,22:32:58,-07:00,2026-05-01T22:32:58-07:00,1,16
style.css,168,css,0ec4269a,ryan atienza,2026-05-01,22:32:58,-07:00,2026-05-01T22:32:58-07:00,0,0
style.css,169,css,0ec4269a,ryan atienza,2026-05-01,22:32:58,-07:00,2026-05-01T22:32:58-07:00,1,16
style.css,170,css,0ec4269a,ryan atienza,2026-05-01,22:32:58,-07:00,2026-05-01T22:32:58-07:00,0,0
style.css,171,css,0ec4269a,ryan atienza,2026-05-01,22:32:58,-07:00,2026-05-01T22:32:58-07:00,0,0
style.css,172,css,0ec4269a,ryan atienza,2026-05-01,22:32:58,-07:00,2026-05-01T22:32:58-07:00,0,7
style.css,173,css,0ec4269a,ryan atienza,2026-05-01,22:32:58,-07:00,2026-05-01T22:32:58-07:00,1,12
style.css,174,css,0ec4269a,ryan atienza,2026-05-01,22:32:58,-07:00,2026-05-01T22:32:58-07:00,1,57
style.css,175,css,0ec4269a,ryan atienza,2026-05-01,22:32:58,-07:00,2026-05-01T22:32:58-07:00,1,15
style.css,176,css,0ec4269a,ryan atienza,2026-05-01,22:32:58,-07:00,2026-05-01T22:32:58-07:00,1,11
style.css,177,css,0ec4269a,ryan atienza,2026-05-01,22:32:58,-07:00,2026-05-01T22:32:58-07:00,1,21
style.css,178,css,0ec4269a,ryan atienza,2026-05-01,22:32:58,-07:00,2026-05-01T22:32:58-07:00,1,10
style.css,179,css,0ec4269a,ryan atienza,2026-05-01,22:32:58,-07:00,2026-05-01T22:32:58-07:00,1,6
style.css,180,css,0ec4269a,ryan atienza,2026-05-01,22:32:58,-07:00,2026-05-01T22:32:58-07:00,0,0
style.css,181,css,0ec4269a,ryan atienza,2026-05-01,22:32:58,-07:00,2026-05-01T22:32:58-07:00,0,0
style.css,182,css,0ec4269a,ryan atienza,2026-05-01,22:32:58,-07:00,2026-05-01T22:32:58-07:00,0,12
style.css,183,css,0ec4269a,ryan atienza,2026-05-01,22:32:58,-07:00,2026-05-01T22:32:58-07:00,1,12
style.css,184,css,0ec4269a,ryan atienza,2026-05-01,22:32:58,-07:00,2026-05-01T22:32:58-07:00,1,18
style.css,185,css,0ec4269a,ryan atienza,2026-05-01,22:32:58,-07:00,2026-05-01T22:32:58-07:00,1,9
style.css,186,css,0ec4269a,ryan atienza,2026-05-01,22:32:58,-07:00,2026-05-01T22:32:58-07:00,0,0
style.css,187,css,0ec4269a,ryan atienza,2026-05-01,22:32:58,-07:00,2026-05-01T22:32:58-07:00,0,0
style.css,188,css,0ec4269a,ryan atienza,2026-05-01,22:32:58,-07:00,2026-05-01T22:32:58-07:00,0,7
style.css,189,css,0ec4269a,ryan atienza,2026-05-01,22:32:58,-07:00,2026-05-01T22:32:58-07:00,1,20
style.css,190,css,0ec4269a,ryan atienza,2026-05-01,22:32:58,-07:00,2026-05-01T22:32:58-07:00,1,9
style.css,191,css,0ec4269a,ryan atienza,2026-05-01,22:32:58,-07:00,2026-05-01T22:32:58-07:00,1,10
style.css,192,css,0ec4269a,ryan atienza,2026-05-01,22:32:58,-07:00,2026-05-01T22:32:58-07:00,1,18
style.css,193,css,0ec4269a,ryan atienza,2026-05-01,22:32:58,-07:00,2026-05-01T22:32:58-07:00,1,29
style.css,194,css,0ec4269a,ryan atienza,2026-05-01,22:32:58,-07:00,2026-05-01T22:32:58-07:00,1,17
style.css,195,css,0ec4269a,ryan atienza,2026-05-01,22:32:58,-07:00,2026-05-01T22:32:58-07:00,0,0
style.css,196,css,0ec4269a,ryan atienza,2026-05-01,22:32:58,-07:00,2026-05-01T22:32:58-07:00,0,0
style.css,197,css,0ec4269a,ryan atienza,2026-05-01,22:32:58,-07:00,2026-05-01T22:32:58-07:00,0,16
style.css,198,css,0ec4269a,ryan atienza,2026-05-01,22:32:58,-07:00,2026-05-01T22:32:58-07:00,1,12
style.css,199,css,0ec4269a,ryan atienza,2026-05-01,22:32:58,-07:00,2026-05-01T22:32:58-07:00,1,18
style.css,200,css,0ec4269a,ryan atienza,2026-05-01,22:32:58,-07:00,2026-05-01T22:32:58-07:00,1,7
style.css,201,css,0ec4269a,ryan atienza,2026-05-01,22:32:58,-07:00,2026-05-01T22:32:58-07:00,0,0
style.css,202,css,0ec4269a,ryan atienza,2026-05-01,22:32:58,-07:00,2026-05-01T22:32:58-07:00,0,0
style.css,203,css,0ec4269a,ryan atienza,2026-05-01,22:32:58,-07:00,2026-05-01T22:32:58-07:00,0,23
style.css,204,css,0ec4269a,ryan atienza,2026-05-01,22:32:58,-07:00,2026-05-01T22:32:58-07:00,1,16
style.css,205,css,0ec4269a,ryan atienza,2026-05-01,22:32:58,-07:00,2026-05-01T22:32:58-07:00,1,14
style.css,206,css,0ec4269a,ryan atienza,2026-05-01,22:32:58,-07:00,2026-05-01T22:32:58-07:00,0,0
style.css,207,css,0ec4269a,ryan atienza,2026-05-01,22:32:58,-07:00,2026-05-01T22:32:58-07:00,0,0
style.css,208,css,0ec4269a,ryan atienza,2026-05-01,22:32:58,-07:00,2026-05-01T22:32:58-07:00,0,51
style.css,209,css,0ec4269a,ryan atienza,2026-05-01,22:32:58,-07:00,2026-05-01T22:32:58-07:00,1,11
style.css,210,css,0ec4269a,ryan atienza,2026-05-01,22:32:58,-07:00,2026-05-01T22:32:58-07:00,0,0
style.css,211,css,0ec4269a,ryan atienza,2026-05-01,22:32:58,-07:00,2026-05-01T22:32:58-07:00,0,0
style.css,212,css,0ec4269a,ryan atienza,2026-05-01,22:32:58,-07:00,2026-05-01T22:32:58-07:00,0,9
style.css,213,css,0ec4269a,ryan atienza,2026-05-01,22:32:58,-07:00,2026-05-01T22:32:58-07:00,1,35
style.css,214,css,0ec4269a,ryan atienza,2026-05-01,22:32:58,-07:00,2026-05-01T22:32:58-07:00,0,0
style.css,215,css,0ec4269a,ryan atienza,2026-05-01,22:32:58,-07:00,2026-05-01T22:32:58-07:00,0,0
style.css,216,css,0ec4269a,ryan atienza,2026-05-01,22:32:58,-07:00,2026-05-01T22:32:58-07:00,0,18
style.css,217,css,0ec4269a,ryan atienza,2026-05-01,22:32:58,-07:00,2026-05-01T22:32:58-07:00,1,17
style.css,218,css,6afbcef6,ryan atienza,2026-05-01,22:40:01,-07:00,2026-05-01T22:40:01-07:00,0,0
style.css,219,css,6afbcef6,ryan atienza,2026-05-01,22:40:01,-07:00,2026-05-01T22:40:01-07:00,0,0
style.css,220,css,6afbcef6,ryan atienza,2026-05-01,22:40:01,-07:00,2026-05-01T22:40:01-07:00,0,10
style.css,221,css,6afbcef6,ryan atienza,2026-05-01,22:40:01,-07:00,2026-05-01T22:40:01-07:00,1,10
style.css,222,css,6afbcef6,ryan atienza,2026-05-01,22:40:01,-07:00,2026-05-01T22:40:01-07:00,1,18
style.css,223,css,6afbcef6,ryan atienza,2026-05-01,22:40:01,-07:00,2026-05-01T22:40:01-07:00,1,21
style.css,224,css,6afbcef6,ryan atienza,2026-05-01,22:40:01,-07:00,2026-05-01T22:40:01-07:00,1,19
style.css,225,css,6afbcef6,ryan atienza,2026-05-01,22:40:01,-07:00,2026-05-01T22:40:01-07:00,1,13
style.css,226,css,6afbcef6,ryan atienza,2026-05-01,22:40:01,-07:00,2026-05-01T22:40:01-07:00,1,19
style.css,227,css,6afbcef6,ryan atienza,2026-05-01,22:40:01,-07:00,2026-05-01T22:40:01-07:00,1,16
style.css,228,css,6afbcef6,ryan atienza,2026-05-01,22:40:01,-07:00,2026-05-01T22:40:01-07:00,1,21
style.css,229,css,6afbcef6,ryan atienza,2026-05-01,22:40:01,-07:00,2026-05-01T22:40:01-07:00,0,0
style.css,230,css,6afbcef6,ryan atienza,2026-05-01,22:40:01,-07:00,2026-05-01T22:40:01-07:00,0,0
style.css,231,css,6afbcef6,ryan atienza,2026-05-01,22:40:01,-07:00,2026-05-01T22:40:01-07:00,0,16
style.css,232,css,6afbcef6,ryan atienza,2026-05-01,22:40:01,-07:00,2026-05-01T22:40:01-07:00,1,12
style.css,233,css,6afbcef6,ryan atienza,2026-05-01,22:40:01,-07:00,2026-05-01T22:40:01-07:00,1,32
style.css,234,css,6afbcef6,ryan atienza,2026-05-01,22:40:01,-07:00,2026-05-01T22:40:01-07:00,0,0
projects:index.html,1,html,d9202441,ryan atienza,2026-04-06,21:34:46,-07:00,2026-04-06T21:34:46-07:00,0,13
projects:index.html,2,html,d9202441,ryan atienza,2026-04-06,21:34:46,-07:00,2026-04-06T21:34:46-07:00,0,14
projects:index.html,3,html,d9202441,ryan atienza,2026-04-06,21:34:46,-07:00,2026-04-06T21:34:46-07:00,0,4
projects:index.html,4,html,d9202441,ryan atienza,2026-04-06,21:34:46,-07:00,2026-04-06T21:34:46-07:00,2,20
projects:index.html,5,html,d9202441,ryan atienza,2026-04-06,21:34:46,-07:00,2026-04-06T21:34:46-07:00,2,68
projects:index.html,6,html,d9202441,ryan atienza,2026-04-06,21:34:46,-07:00,2026-04-06T21:34:46-07:00,2,21
projects:index.html,7,html,d9202441,ryan atienza,2026-04-06,21:34:46,-07:00,2026-04-06T21:34:46-07:00,0,5
projects:index.html,8,html,d9202441,ryan atienza,2026-04-06,21:34:46,-07:00,2026-04-06T21:34:46-07:00,0,4
projects:index.html,9,html,d9202441,ryan atienza,2026-04-06,21:34:46,-07:00,2026-04-06T21:34:46-07:00,2,17
projects:index.html,10,html,d9202441,ryan atienza,2026-04-06,21:34:46,-07:00,2026-04-06T21:34:46-07:00,2,3
projects:index.html,11,html,d9202441,ryan atienza,2026-04-06,21:34:46,-07:00,2026-04-06T21:34:46-07:00,4,0
projects:index.html,12,html,d9202441,ryan atienza,2026-04-06,21:34:46,-07:00,2026-04-06T21:34:46-07:00,2,0
projects:index.html,13,html,d9202441,ryan atienza,2026-04-06,21:34:46,-07:00,2026-04-06T21:34:46-07:00,0,5
projects:index.html,14,html,d9202441,ryan atienza,2026-04-06,21:34:46,-07:00,2026-04-06T21:34:46-07:00,0,5
index.js,1,js,9b01af63,ryan atienza,2026-04-24,19:19:57,-07:00,2026-04-24T19:19:57-07:00,0,71
index.js,2,js,9b01af63,ryan atienza,2026-04-24,19:19:57,-07:00,2026-04-24T19:19:57-07:00,0,0
index.js,3,js,9b01af63,ryan atienza,2026-04-24,19:19:57,-07:00,2026-04-24T19:19:57-07:00,0,54
index.js,4,js,9b01af63,ryan atienza,2026-04-24,19:19:57,-07:00,2026-04-24T19:19:57-07:00,0,42
index.js,5,js,9b01af63,ryan atienza,2026-04-24,19:19:57,-07:00,2026-04-24T19:19:57-07:00,0,0
index.js,6,js,9b01af63,ryan atienza,2026-04-24,19:19:57,-07:00,2026-04-24T19:19:57-07:00,0,60
index.js,7,js,bebdee40,ryan atienza,2026-04-24,19:35:05,-07:00,2026-04-24T19:35:05-07:00,0,52
index.js,8,js,bebdee40,ryan atienza,2026-04-24,19:35:05,-07:00,2026-04-24T19:35:05-07:00,0,0
index.js,9,js,bebdee40,ryan atienza,2026-04-24,19:35:05,-07:00,2026-04-24T19:35:05-07:00,0,60
index.js,10,js,bebdee40,ryan atienza,2026-04-24,19:35:05,-07:00,2026-04-24T19:35:05-07:00,0,0
index.js,11,js,bebdee40,ryan atienza,2026-04-24,19:35:05,-07:00,2026-04-24T19:35:05-07:00,0,17
index.js,12,js,bebdee40,ryan atienza,2026-04-24,19:35:05,-07:00,2026-04-24T19:35:05-07:00,1,24
index.js,13,js,bebdee40,ryan atienza,2026-04-24,19:35:05,-07:00,2026-04-24T19:35:05-07:00,4,2
index.js,14,js,bebdee40,ryan atienza,2026-04-24,19:35:05,-07:00,2026-04-24T19:35:05-07:00,5,55
index.js,15,js,bebdee40,ryan atienza,2026-04-24,19:35:05,-07:00,2026-04-24T19:35:05-07:00,5,55
index.js,16,js,bebdee40,ryan atienza,2026-04-24,19:35:05,-07:00,2026-04-24T19:35:05-07:00,5,49
index.js,17,js,bebdee40,ryan atienza,2026-04-24,19:35:05,-07:00,2026-04-24T19:35:05-07:00,5,49
index.js,18,js,bebdee40,ryan atienza,2026-04-24,19:35:05,-07:00,2026-04-24T19:35:05-07:00,4,3
index.js,19,js,bebdee40,ryan atienza,2026-04-24,19:35:05,-07:00,2026-04-24T19:35:05-07:00,2,0
index.js,20,js,bebdee40,ryan atienza,2026-04-24,19:35:05,-07:00,2026-04-24T19:35:05-07:00,0,0
index.js,21,js,9b01af63,ryan atienza,2026-04-24,19:19:57,-07:00,2026-04-24T19:19:57-07:00,0,0
index.js,22,js,9b01af63,ryan atienza,2026-04-24,19:19:57,-07:00,2026-04-24T19:19:57-07:00,0,54
index.html,1,html,c187d102,ryan atienza,2026-04-06,21:05:16,-07:00,2026-04-06T21:05:16-07:00,0,13
index.html,2,html,c187d102,ryan atienza,2026-04-06,21:05:16,-07:00,2026-04-06T21:05:16-07:00,0,14
index.html,3,html,c187d102,ryan atienza,2026-04-06,21:05:16,-07:00,2026-04-06T21:05:16-07:00,0,4
index.html,4,html,c187d102,ryan atienza,2026-04-06,21:05:16,-07:00,2026-04-06T21:05:16-07:00,2,20
index.html,5,html,c187d102,ryan atienza,2026-04-06,21:05:16,-07:00,2026-04-06T21:05:16-07:00,2,68
index.html,6,html,c187d102,ryan atienza,2026-04-06,21:05:16,-07:00,2026-04-06T21:05:16-07:00,2,61
index.html,7,html,d9202441,ryan atienza,2026-04-06,21:34:46,-07:00,2026-04-06T21:34:46-07:00,2,38
index.html,8,html,5e5e36aa,ryan atienza,2026-04-18,19:31:06,-07:00,2026-04-18T19:31:06-07:00,2,46
index.html,9,html,c187d102,ryan atienza,2026-04-06,21:05:16,-07:00,2026-04-06T21:05:16-07:00,0,5
index.html,10,html,c187d102,ryan atienza,2026-04-06,21:05:16,-07:00,2026-04-06T21:05:16-07:00,0,4
index.html,11,html,35e97a95,ryan atienza,2026-04-18,19:57:59,-07:00,2026-04-18T19:57:59-07:00,2,8
index.html,12,html,596b1add,ryan atienza,2026-04-18,19:36:09,-07:00,2026-04-18T19:36:09-07:00,4,29
index.html,13,html,d9202441,ryan atienza,2026-04-06,21:34:46,-07:00,2026-04-06T21:34:46-07:00,4,42
index.html,14,html,d9202441,ryan atienza,2026-04-06,21:34:46,-07:00,2026-04-06T21:34:46-07:00,4,40
index.html,15,html,090dd6a3,ryan atienza,2026-04-11,20:22:03,-07:00,2026-04-11T20:22:03-07:00,4,38
index.html,16,html,d9202441,ryan atienza,2026-04-06,21:34:46,-07:00,2026-04-06T21:34:46-07:00,4,55
index.html,17,html,35e97a95,ryan atienza,2026-04-18,19:57:59,-07:00,2026-04-18T19:57:59-07:00,2,11
index.html,18,html,97394928,ryan atienza,2026-04-11,20:47:53,-07:00,2026-04-11T20:47:53-07:00,2,28
index.html,19,html,97394928,ryan atienza,2026-04-11,20:47:53,-07:00,2026-04-11T20:47:53-07:00,4,76
index.html,20,html,97394928,ryan atienza,2026-04-11,20:47:53,-07:00,2026-04-11T20:47:53-07:00,6,78
index.html,21,html,97394928,ryan atienza,2026-04-11,20:47:53,-07:00,2026-04-11T20:47:53-07:00,4,78
index.html,22,html,9b01af63,ryan atienza,2026-04-24,19:19:57,-07:00,2026-04-24T19:19:57-07:00,2,0
index.html,23,html,9b01af63,ryan atienza,2026-04-24,19:19:57,-07:00,2026-04-24T19:19:57-07:00,2,24
index.html,24,html,9b01af63,ryan atienza,2026-04-24,19:19:57,-07:00,2026-04-24T19:19:57-07:00,2,26
index.html,25,html,f0aa4df8,ryan atienza,2026-04-24,22:24:42,-07:00,2026-04-24T22:24:42-07:00,0,0
index.html,26,html,f0aa4df8,ryan atienza,2026-04-24,22:24:42,-07:00,2026-04-24T22:24:42-07:00,2,25
index.html,27,html,ce81863c,ryan atienza,2026-04-24,19:31:19,-07:00,2026-04-24T19:31:19-07:00,2,28
index.html,28,html,bebdee40,ryan atienza,2026-04-24,19:35:05,-07:00,2026-04-24T19:35:05-07:00,2,50
index.html,29,html,bebdee40,ryan atienza,2026-04-24,19:35:05,-07:00,2026-04-24T19:35:05-07:00,0,0
index.html,30,html,c187d102,ryan atienza,2026-04-06,21:05:16,-07:00,2026-04-06T21:05:16-07:00,0,5
index.html,31,html,c187d102,ryan atienza,2026-04-06,21:05:16,-07:00,2026-04-06T21:05:16-07:00,0,5
global.js,1,js,89e9daf7,ryan atienza,2026-04-18,20:36:47,-07:00,2026-04-18T20:36:47-07:00,0,25
global.js,2,js,5e5e36aa,ryan atienza,2026-04-18,19:31:06,-07:00,2026-04-18T19:31:06-07:00,0,0
global.js,3,js,5e5e36aa,ryan atienza,2026-04-18,19:31:06,-07:00,2026-04-18T19:31:06-07:00,0,41
global.js,4,js,5e5e36aa,ryan atienza,2026-04-18,19:31:06,-07:00,2026-04-18T19:31:06-07:00,1,52
global.js,5,js,596b1add,ryan atienza,2026-04-18,19:36:09,-07:00,2026-04-18T19:36:09-07:00,0,0
global.js,6,js,596b1add,ryan atienza,2026-04-18,19:36:09,-07:00,2026-04-18T19:36:09-07:00,0,0
global.js,7,js,35e97a95,ryan atienza,2026-04-18,19:57:59,-07:00,2026-04-18T19:57:59-07:00,0,28
global.js,8,js,596b1add,ryan atienza,2026-04-18,19:36:09,-07:00,2026-04-18T19:36:09-07:00,0,0
global.js,9,js,35e97a95,ryan atienza,2026-04-18,19:57:59,-07:00,2026-04-18T19:57:59-07:00,0,33
global.js,10,js,35e97a95,ryan atienza,2026-04-18,19:57:59,-07:00,2026-04-18T19:57:59-07:00,0,71
global.js,11,js,35e97a95,ryan atienza,2026-04-18,19:57:59,-07:00,2026-04-18T19:57:59-07:00,0,3
global.js,12,js,596b1add,ryan atienza,2026-04-18,19:36:09,-07:00,2026-04-18T19:36:09-07:00,0,0
global.js,13,js,35e97a95,ryan atienza,2026-04-18,19:57:59,-07:00,2026-04-18T19:57:59-07:00,0,39
global.js,14,js,35e97a95,ryan atienza,2026-04-18,19:57:59,-07:00,2026-04-18T19:57:59-07:00,0,0
global.js,15,js,35e97a95,ryan atienza,2026-04-18,19:57:59,-07:00,2026-04-18T19:57:59-07:00,0,88
global.js,16,js,35e97a95,ryan atienza,2026-04-18,19:57:59,-07:00,2026-04-18T19:57:59-07:00,1,36
global.js,17,js,89e9daf7,ryan atienza,2026-04-18,20:36:47,-07:00,2026-04-18T20:36:47-07:00,1,48
global.js,18,js,35e97a95,ryan atienza,2026-04-18,19:57:59,-07:00,2026-04-18T19:57:59-07:00,0,0
global.js,19,js,35e97a95,ryan atienza,2026-04-18,19:57:59,-07:00,2026-04-18T19:57:59-07:00,0,11
global.js,20,js,35e97a95,ryan atienza,2026-04-18,19:57:59,-07:00,2026-04-18T19:57:59-07:00,1,25
global.js,21,js,35e97a95,ryan atienza,2026-04-18,19:57:59,-07:00,2026-04-18T19:57:59-07:00,1,38
global.js,22,js,35e97a95,ryan atienza,2026-04-18,19:57:59,-07:00,2026-04-18T19:57:59-07:00,1,36
global.js,23,js,35e97a95,ryan atienza,2026-04-18,19:57:59,-07:00,2026-04-18T19:57:59-07:00,1,34
global.js,24,js,00000000,Not Committed Yet,2026-05-09,22:04:15,-07:00,2026-05-09T22:04:15-07:00,1,30
global.js,25,js,8609a07b,ryan atienza,2026-04-18,20:42:14,-07:00,2026-04-18T20:42:14-07:00,1,71
global.js,26,js,35e97a95,ryan atienza,2026-04-18,19:57:59,-07:00,2026-04-18T19:57:59-07:00,0,0
global.js,27,js,35e97a95,ryan atienza,2026-04-18,19:57:59,-07:00,2026-04-18T19:57:59-07:00,0,0
global.js,28,js,35e97a95,ryan atienza,2026-04-18,19:57:59,-07:00,2026-04-18T19:57:59-07:00,0,38
global.js,29,js,35e97a95,ryan atienza,2026-04-18,19:57:59,-07:00,2026-04-18T19:57:59-07:00,0,25
global.js,30,js,35e97a95,ryan atienza,2026-04-18,19:57:59,-07:00,2026-04-18T19:57:59-07:00,0,0
global.js,31,js,35e97a95,ryan atienza,2026-04-18,19:57:59,-07:00,2026-04-18T19:57:59-07:00,0,20
global.js,32,js,35e97a95,ryan atienza,2026-04-18,19:57:59,-07:00,2026-04-18T19:57:59-07:00,1,14
global.js,33,js,35e97a95,ryan atienza,2026-04-18,19:57:59,-07:00,2026-04-18T19:57:59-07:00,1,18
global.js,34,js,35e97a95,ryan atienza,2026-04-18,19:57:59,-07:00,2026-04-18T19:57:59-07:00,1,41
global.js,35,js,35e97a95,ryan atienza,2026-04-18,19:57:59,-07:00,2026-04-18T19:57:59-07:00,1,30
global.js,36,js,35e97a95,ryan atienza,2026-04-18,19:57:59,-07:00,2026-04-18T19:57:59-07:00,1,52
global.js,37,js,35e97a95,ryan atienza,2026-04-18,19:57:59,-07:00,2026-04-18T19:57:59-07:00,0,0
global.js,38,js,35e97a95,ryan atienza,2026-04-18,19:57:59,-07:00,2026-04-18T19:57:59-07:00,1,34
global.js,39,js,35e97a95,ryan atienza,2026-04-18,19:57:59,-07:00,2026-04-18T19:57:59-07:00,1,11
global.js,40,js,35e97a95,ryan atienza,2026-04-18,19:57:59,-07:00,2026-04-18T19:57:59-07:00,1,20
global.js,41,js,35e97a95,ryan atienza,2026-04-18,19:57:59,-07:00,2026-04-18T19:57:59-07:00,1,0
global.js,42,js,35e97a95,ryan atienza,2026-04-18,19:57:59,-07:00,2026-04-18T19:57:59-07:00,1,65
global.js,43,js,35e97a95,ryan atienza,2026-04-18,19:57:59,-07:00,2026-04-18T19:57:59-07:00,2,25
global.js,44,js,35e97a95,ryan atienza,2026-04-18,19:57:59,-07:00,2026-04-18T19:57:59-07:00,1,0
global.js,45,js,35e97a95,ryan atienza,2026-04-18,19:57:59,-07:00,2026-04-18T19:57:59-07:00,0,0
global.js,46,js,35e97a95,ryan atienza,2026-04-18,19:57:59,-07:00,2026-04-18T19:57:59-07:00,1,29
global.js,47,js,35e97a95,ryan atienza,2026-04-18,19:57:59,-07:00,2026-04-18T19:57:59-07:00,2,18
global.js,48,js,35e97a95,ryan atienza,2026-04-18,19:57:59,-07:00,2026-04-18T19:57:59-07:00,1,0
global.js,49,js,35e97a95,ryan atienza,2026-04-18,19:57:59,-07:00,2026-04-18T19:57:59-07:00,0,0
global.js,50,js,35e97a95,ryan atienza,2026-04-18,19:57:59,-07:00,2026-04-18T19:57:59-07:00,0,0
global.js,51,js,35e97a95,ryan atienza,2026-04-18,19:57:59,-07:00,2026-04-18T19:57:59-07:00,1,12
global.js,52,js,35e97a95,ryan atienza,2026-04-18,19:57:59,-07:00,2026-04-18T19:57:59-07:00,0,0
global.js,53,js,35e97a95,ryan atienza,2026-04-18,19:57:59,-07:00,2026-04-18T19:57:59-07:00,0,0
global.js,54,js,ab294fe5,ryan atienza,2026-04-18,20:28:11,-07:00,2026-04-18T20:28:11-07:00,0,0
global.js,55,js,ab294fe5,ryan atienza,2026-04-18,20:28:11,-07:00,2026-04-18T20:28:11-07:00,0,31
global.js,56,js,ab294fe5,ryan atienza,2026-04-18,20:28:11,-07:00,2026-04-18T20:28:11-07:00,1,11
global.js,57,js,ab294fe5,ryan atienza,2026-04-18,20:28:11,-07:00,2026-04-18T20:28:11-07:00,1,0
global.js,58,js,ab294fe5,ryan atienza,2026-04-18,20:28:11,-07:00,2026-04-18T20:28:11-07:00,0,26
global.js,59,js,ab294fe5,ryan atienza,2026-04-18,20:28:11,-07:00,2026-04-18T20:28:11-07:00,0,4
global.js,60,js,ab294fe5,ryan atienza,2026-04-18,20:28:11,-07:00,2026-04-18T20:28:11-07:00,0,6
global.js,61,js,ab294fe5,ryan atienza,2026-04-18,20:28:11,-07:00,2026-04-18T20:28:11-07:00,0,43
global.js,62,js,ab294fe5,ryan atienza,2026-04-18,20:28:11,-07:00,2026-04-18T20:28:11-07:00,6,34
global.js,63,js,ab294fe5,ryan atienza,2026-04-18,20:28:11,-07:00,2026-04-18T20:28:11-07:00,6,32
global.js,64,js,ab294fe5,ryan atienza,2026-04-18,20:28:11,-07:00,2026-04-18T20:28:11-07:00,0,7
global.js,65,js,ab294fe5,ryan atienza,2026-04-18,20:28:11,-07:00,2026-04-18T20:28:11-07:00,0,8
global.js,66,js,ab294fe5,ryan atienza,2026-04-18,20:28:11,-07:00,2026-04-18T20:28:11-07:00,0,0
global.js,67,js,ab294fe5,ryan atienza,2026-04-18,20:28:11,-07:00,2026-04-18T20:28:11-07:00,0,0
global.js,68,js,ab294fe5,ryan atienza,2026-04-18,20:28:11,-07:00,2026-04-18T20:28:11-07:00,0,58
global.js,69,js,ab294fe5,ryan atienza,2026-04-18,20:28:11,-07:00,2026-04-18T20:28:11-07:00,0,0
global.js,70,js,ab294fe5,ryan atienza,2026-04-18,20:28:11,-07:00,2026-04-18T20:28:11-07:00,0,34
global.js,71,js,ab294fe5,ryan atienza,2026-04-18,20:28:11,-07:00,2026-04-18T20:28:11-07:00,1,83
global.js,72,js,ab294fe5,ryan atienza,2026-04-18,20:28:11,-07:00,2026-04-18T20:28:11-07:00,1,38
global.js,73,js,ab294fe5,ryan atienza,2026-04-18,20:28:11,-07:00,2026-04-18T20:28:11-07:00,0,0
global.js,74,js,ab294fe5,ryan atienza,2026-04-18,20:28:11,-07:00,2026-04-18T20:28:11-07:00,0,0
global.js,75,js,ab294fe5,ryan atienza,2026-04-18,20:28:11,-07:00,2026-04-18T20:28:11-07:00,0,49
global.js,76,js,ab294fe5,ryan atienza,2026-04-18,20:28:11,-07:00,2026-04-18T20:28:11-07:00,1,57
global.js,77,js,ab294fe5,ryan atienza,2026-04-18,20:28:11,-07:00,2026-04-18T20:28:11-07:00,1,77
global.js,78,js,ab294fe5,ryan atienza,2026-04-18,20:28:11,-07:00,2026-04-18T20:28:11-07:00,1,44
global.js,79,js,ab294fe5,ryan atienza,2026-04-18,20:28:11,-07:00,2026-04-18T20:28:11-07:00,0,1
global.js,80,js,8b6be72f,ryan atienza,2026-04-18,20:30:54,-07:00,2026-04-18T20:30:54-07:00,0,0
global.js,81,js,8b6be72f,ryan atienza,2026-04-18,20:30:54,-07:00,2026-04-18T20:30:54-07:00,0,40
global.js,82,js,8b6be72f,ryan atienza,2026-04-18,20:30:54,-07:00,2026-04-18T20:30:54-07:00,0,0
global.js,83,js,8b6be72f,ryan atienza,2026-04-18,20:30:54,-07:00,2026-04-18T20:30:54-07:00,0,49
global.js,84,js,8b6be72f,ryan atienza,2026-04-18,20:30:54,-07:00,2026-04-18T20:30:54-07:00,1,21
global.js,85,js,8b6be72f,ryan atienza,2026-04-18,20:30:54,-07:00,2026-04-18T20:30:54-07:00,0,0
global.js,86,js,8b6be72f,ryan atienza,2026-04-18,20:30:54,-07:00,2026-04-18T20:30:54-07:00,1,28
global.js,87,js,8b6be72f,ryan atienza,2026-04-18,20:30:54,-07:00,2026-04-18T20:30:54-07:00,1,26
global.js,88,js,8b6be72f,ryan atienza,2026-04-18,20:30:54,-07:00,2026-04-18T20:30:54-07:00,1,14
global.js,89,js,8b6be72f,ryan atienza,2026-04-18,20:30:54,-07:00,2026-04-18T20:30:54-07:00,0,0
global.js,90,js,8b6be72f,ryan atienza,2026-04-18,20:30:54,-07:00,2026-04-18T20:30:54-07:00,1,31
global.js,91,js,8b6be72f,ryan atienza,2026-04-18,20:30:54,-07:00,2026-04-18T20:30:54-07:00,2,50
global.js,92,js,8b6be72f,ryan atienza,2026-04-18,20:30:54,-07:00,2026-04-18T20:30:54-07:00,1,0
global.js,93,js,8b6be72f,ryan atienza,2026-04-18,20:30:54,-07:00,2026-04-18T20:30:54-07:00,0,0
global.js,94,js,8b6be72f,ryan atienza,2026-04-18,20:30:54,-07:00,2026-04-18T20:30:54-07:00,1,22
global.js,95,js,8b6be72f,ryan atienza,2026-04-18,20:30:54,-07:00,2026-04-18T20:30:54-07:00,1,18
global.js,96,js,8b6be72f,ryan atienza,2026-04-18,20:30:54,-07:00,2026-04-18T20:30:54-07:00,0,1
global.js,97,js,2ff1b7f8,ryan atienza,2026-04-24,19:10:58,-07:00,2026-04-24T19:10:58-07:00,0,0
global.js,98,js,2ff1b7f8,ryan atienza,2026-04-24,19:10:58,-07:00,2026-04-24T19:10:58-07:00,0,36
global.js,99,js,2ff1b7f8,ryan atienza,2026-04-24,19:10:58,-07:00,2026-04-24T19:10:58-07:00,1,3
global.js,100,js,2ff1b7f8,ryan atienza,2026-04-24,19:10:58,-07:00,2026-04-24T19:10:58-07:00,2,39
global.js,101,js,2ff1b7f8,ryan atienza,2026-04-24,19:10:58,-07:00,2026-04-24T19:10:58-07:00,2,32
global.js,102,js,2ff1b7f8,ryan atienza,2026-04-24,19:10:58,-07:00,2026-04-24T19:10:58-07:00,2,17
global.js,103,js,2ff1b7f8,ryan atienza,2026-04-24,19:10:58,-07:00,2026-04-24T19:10:58-07:00,2,66
global.js,104,js,2ff1b7f8,ryan atienza,2026-04-24,19:10:58,-07:00,2026-04-24T19:10:58-07:00,1,0
global.js,105,js,2ff1b7f8,ryan atienza,2026-04-24,19:10:58,-07:00,2026-04-24T19:10:58-07:00,2,33
global.js,106,js,2ff1b7f8,ryan atienza,2026-04-24,19:10:58,-07:00,2026-04-24T19:10:58-07:00,2,10
global.js,107,js,2ff1b7f8,ryan atienza,2026-04-24,19:10:58,-07:00,2026-04-24T19:10:58-07:00,0,0
global.js,108,js,2ff1b7f8,ryan atienza,2026-04-24,19:10:58,-07:00,2026-04-24T19:10:58-07:00,1,15
global.js,109,js,2ff1b7f8,ryan atienza,2026-04-24,19:10:58,-07:00,2026-04-24T19:10:58-07:00,2,59
global.js,110,js,2ff1b7f8,ryan atienza,2026-04-24,19:10:58,-07:00,2026-04-24T19:10:58-07:00,1,0
global.js,111,js,2ff1b7f8,ryan atienza,2026-04-24,19:10:58,-07:00,2026-04-24T19:10:58-07:00,0,0
global.js,112,js,2ff1b7f8,ryan atienza,2026-04-24,19:10:58,-07:00,2026-04-24T19:10:58-07:00,0,0
global.js,113,js,2ff1b7f8,ryan atienza,2026-04-24,19:10:58,-07:00,2026-04-24T19:10:58-07:00,0,78
global.js,114,js,2ff1b7f8,ryan atienza,2026-04-24,19:10:58,-07:00,2026-04-24T19:10:58-07:00,1,30
global.js,115,js,2ff1b7f8,ryan atienza,2026-04-24,19:10:58,-07:00,2026-04-24T19:10:58-07:00,1,22
global.js,116,js,2ff1b7f8,ryan atienza,2026-04-24,19:10:58,-07:00,2026-04-24T19:10:58-07:00,2,48
global.js,117,js,2ff1b7f8,ryan atienza,2026-04-24,19:10:58,-07:00,2026-04-24T19:10:58-07:00,2,19
global.js,118,js,2ff1b7f8,ryan atienza,2026-04-24,19:10:58,-07:00,2026-04-24T19:10:58-07:00,3,43
global.js,119,js,2ff1b7f8,ryan atienza,2026-04-24,19:10:58,-07:00,2026-04-24T19:10:58-07:00,3,37
global.js,120,js,0ec4269a,ryan atienza,2026-05-01,22:32:58,-07:00,2026-05-01T22:32:58-07:00,3,25
global.js,121,js,0ec4269a,ryan atienza,2026-05-01,22:32:58,-07:00,2026-05-01T22:32:58-07:00,4,21
global.js,122,js,0ec4269a,ryan atienza,2026-05-01,22:32:58,-07:00,2026-05-01T22:32:58-07:00,4,35
global.js,123,js,0ec4269a,ryan atienza,2026-05-01,22:32:58,-07:00,2026-05-01T22:32:58-07:00,3,4
global.js,124,js,2ff1b7f8,ryan atienza,2026-04-24,19:10:58,-07:00,2026-04-24T19:10:58-07:00,3,0
global.js,125,js,2ff1b7f8,ryan atienza,2026-04-24,19:10:58,-07:00,2026-04-24T19:10:58-07:00,3,36
global.js,126,js,2ff1b7f8,ryan atienza,2026-04-24,19:10:58,-07:00,2026-04-24T19:10:58-07:00,1,0
global.js,127,js,98874366,ryan atienza,2026-04-24,19:26:55,-07:00,2026-04-24T19:26:55-07:00,0,0
global.js,128,js,98874366,ryan atienza,2026-04-24,19:26:55,-07:00,2026-04-24T19:26:55-07:00,0,0
global.js,129,js,4b7cd641,ryan atienza,2026-04-24,19:29:25,-07:00,2026-04-24T19:29:25-07:00,0,47
global.js,130,js,98874366,ryan atienza,2026-04-24,19:26:55,-07:00,2026-04-24T19:26:55-07:00,1,59
global.js,131,js,2ff1b7f8,ryan atienza,2026-04-24,19:10:58,-07:00,2026-04-24T19:10:58-07:00,0,0
resume/index.html,1,html,090dd6a3,ryan atienza,2026-04-11,20:22:03,-07:00,2026-04-11T20:22:03-07:00,0,13
resume/index.html,2,html,090dd6a3,ryan atienza,2026-04-11,20:22:03,-07:00,2026-04-11T20:22:03-07:00,0,14
resume/index.html,3,html,090dd6a3,ryan atienza,2026-04-11,20:22:03,-07:00,2026-04-11T20:22:03-07:00,0,4
resume/index.html,4,html,090dd6a3,ryan atienza,2026-04-11,20:22:03,-07:00,2026-04-11T20:22:03-07:00,2,20
resume/index.html,5,html,090dd6a3,ryan atienza,2026-04-11,20:22:03,-07:00,2026-04-11T20:22:03-07:00,2,68
resume/index.html,6,html,090dd6a3,ryan atienza,2026-04-11,20:22:03,-07:00,2026-04-11T20:22:03-07:00,2,19
resume/index.html,7,html,227a89c5,ryan atienza,2026-04-11,21:37:40,-07:00,2026-04-11T21:37:40-07:00,2,41
resume/index.html,8,html,5e5e36aa,ryan atienza,2026-04-18,19:31:06,-07:00,2026-04-18T19:31:06-07:00,2,49
resume/index.html,9,html,090dd6a3,ryan atienza,2026-04-11,20:22:03,-07:00,2026-04-11T20:22:03-07:00,0,5
resume/index.html,10,html,090dd6a3,ryan atienza,2026-04-11,20:22:03,-07:00,2026-04-11T20:22:03-07:00,0,4
resume/index.html,11,html,35e97a95,ryan atienza,2026-04-18,19:57:59,-07:00,2026-04-18T19:57:59-07:00,2,8
resume/index.html,12,html,b813ce67,ryan atienza,2026-04-11,21:59:49,-07:00,2026-04-11T21:59:49-07:00,4,32
resume/index.html,13,html,b813ce67,ryan atienza,2026-04-11,21:59:49,-07:00,2026-04-11T21:59:49-07:00,4,45
resume/index.html,14,html,b813ce67,ryan atienza,2026-04-11,21:59:49,-07:00,2026-04-11T21:59:49-07:00,4,43
resume/index.html,15,html,596b1add,ryan atienza,2026-04-18,19:36:09,-07:00,2026-04-18T19:36:09-07:00,4,41
resume/index.html,16,html,b813ce67,ryan atienza,2026-04-11,21:59:49,-07:00,2026-04-11T21:59:49-07:00,4,55
resume/index.html,17,html,35e97a95,ryan atienza,2026-04-18,19:57:59,-07:00,2026-04-18T19:57:59-07:00,2,8
resume/index.html,18,html,090dd6a3,ryan atienza,2026-04-11,20:22:03,-07:00,2026-04-11T20:22:03-07:00,2,6
resume/index.html,19,html,090dd6a3,ryan atienza,2026-04-11,20:22:03,-07:00,2026-04-11T20:22:03-07:00,4,15
resume/index.html,20,html,090dd6a3,ryan atienza,2026-04-11,20:22:03,-07:00,2026-04-11T20:22:03-07:00,2,7
resume/index.html,21,html,090dd6a3,ryan atienza,2026-04-11,20:22:03,-07:00,2026-04-11T20:22:03-07:00,2,7
resume/index.html,22,html,090dd6a3,ryan atienza,2026-04-11,20:22:03,-07:00,2026-04-11T20:22:03-07:00,4,18
resume/index.html,23,html,090dd6a3,ryan atienza,2026-04-11,20:22:03,-07:00,2026-04-11T20:22:03-07:00,4,42
resume/index.html,24,html,090dd6a3,ryan atienza,2026-04-11,20:22:03,-07:00,2026-04-11T20:22:03-07:00,4,2
resume/index.html,25,html,090dd6a3,ryan atienza,2026-04-11,20:22:03,-07:00,2026-04-11T20:22:03-07:00,6,41
resume/index.html,26,html,090dd6a3,ryan atienza,2026-04-11,20:22:03,-07:00,2026-04-11T20:22:03-07:00,6,18
resume/index.html,27,html,090dd6a3,ryan atienza,2026-04-11,20:22:03,-07:00,2026-04-11T20:22:03-07:00,6,38
resume/index.html,28,html,090dd6a3,ryan atienza,2026-04-11,20:22:03,-07:00,2026-04-11T20:22:03-07:00,8,80
resume/index.html,29,html,090dd6a3,ryan atienza,2026-04-11,20:22:03,-07:00,2026-04-11T20:22:03-07:00,4,3
resume/index.html,30,html,090dd6a3,ryan atienza,2026-04-11,20:22:03,-07:00,2026-04-11T20:22:03-07:00,4,8
resume/index.html,31,html,090dd6a3,ryan atienza,2026-04-11,20:22:03,-07:00,2026-04-11T20:22:03-07:00,0,0
resume/index.html,32,html,090dd6a3,ryan atienza,2026-04-11,20:22:03,-07:00,2026-04-11T20:22:03-07:00,2,7
resume/index.html,33,html,090dd6a3,ryan atienza,2026-04-11,20:22:03,-07:00,2026-04-11T20:22:03-07:00,4,19
resume/index.html,34,html,090dd6a3,ryan atienza,2026-04-11,20:22:03,-07:00,2026-04-11T20:22:03-07:00,4,40
resume/index.html,35,html,090dd6a3,ryan atienza,2026-04-11,20:22:03,-07:00,2026-04-11T20:22:03-07:00,4,27
resume/index.html,36,html,090dd6a3,ryan atienza,2026-04-11,20:22:03,-07:00,2026-04-11T20:22:03-07:00,4,2
resume/index.html,37,html,090dd6a3,ryan atienza,2026-04-11,20:22:03,-07:00,2026-04-11T20:22:03-07:00,6,51
resume/index.html,38,html,090dd6a3,ryan atienza,2026-04-11,20:22:03,-07:00,2026-04-11T20:22:03-07:00,8,50
resume/index.html,39,html,090dd6a3,ryan atienza,2026-04-11,20:22:03,-07:00,2026-04-11T20:22:03-07:00,6,110
resume/index.html,40,html,090dd6a3,ryan atienza,2026-04-11,20:22:03,-07:00,2026-04-11T20:22:03-07:00,8,96
resume/index.html,41,html,090dd6a3,ryan atienza,2026-04-11,20:22:03,-07:00,2026-04-11T20:22:03-07:00,6,104
resume/index.html,42,html,090dd6a3,ryan atienza,2026-04-11,20:22:03,-07:00,2026-04-11T20:22:03-07:00,4,3
resume/index.html,43,html,090dd6a3,ryan atienza,2026-04-11,20:22:03,-07:00,2026-04-11T20:22:03-07:00,2,8
resume/index.html,44,html,090dd6a3,ryan atienza,2026-04-11,20:22:03,-07:00,2026-04-11T20:22:03-07:00,0,0
resume/index.html,45,html,090dd6a3,ryan atienza,2026-04-11,20:22:03,-07:00,2026-04-11T20:22:03-07:00,2,7
resume/index.html,46,html,090dd6a3,ryan atienza,2026-04-11,20:22:03,-07:00,2026-04-11T20:22:03-07:00,4,16
resume/index.html,47,html,090dd6a3,ryan atienza,2026-04-11,20:22:03,-07:00,2026-04-11T20:22:03-07:00,4,63
resume/index.html,48,html,090dd6a3,ryan atienza,2026-04-11,20:22:03,-07:00,2026-04-11T20:22:03-07:00,4,2
resume/index.html,49,html,090dd6a3,ryan atienza,2026-04-11,20:22:03,-07:00,2026-04-11T20:22:03-07:00,6,179
resume/index.html,50,html,090dd6a3,ryan atienza,2026-04-11,20:22:03,-07:00,2026-04-11T20:22:03-07:00,6,163
resume/index.html,51,html,090dd6a3,ryan atienza,2026-04-11,20:22:03,-07:00,2026-04-11T20:22:03-07:00,4,3
resume/index.html,52,html,090dd6a3,ryan atienza,2026-04-11,20:22:03,-07:00,2026-04-11T20:22:03-07:00,4,0
resume/index.html,53,html,090dd6a3,ryan atienza,2026-04-11,20:22:03,-07:00,2026-04-11T20:22:03-07:00,4,81
resume/index.html,54,html,090dd6a3,ryan atienza,2026-04-11,20:22:03,-07:00,2026-04-11T20:22:03-07:00,4,2
resume/index.html,55,html,090dd6a3,ryan atienza,2026-04-11,20:22:03,-07:00,2026-04-11T20:22:03-07:00,6,159
resume/index.html,56,html,090dd6a3,ryan atienza,2026-04-11,20:22:03,-07:00,2026-04-11T20:22:03-07:00,6,201
resume/index.html,57,html,090dd6a3,ryan atienza,2026-04-11,20:22:03,-07:00,2026-04-11T20:22:03-07:00,6,177
resume/index.html,58,html,090dd6a3,ryan atienza,2026-04-11,20:22:03,-07:00,2026-04-11T20:22:03-07:00,4,3
resume/index.html,59,html,090dd6a3,ryan atienza,2026-04-11,20:22:03,-07:00,2026-04-11T20:22:03-07:00,0,0
resume/index.html,60,html,090dd6a3,ryan atienza,2026-04-11,20:22:03,-07:00,2026-04-11T20:22:03-07:00,4,43
resume/index.html,61,html,090dd6a3,ryan atienza,2026-04-11,20:22:03,-07:00,2026-04-11T20:22:03-07:00,4,2
resume/index.html,62,html,090dd6a3,ryan atienza,2026-04-11,20:22:03,-07:00,2026-04-11T20:22:03-07:00,6,203
resume/index.html,63,html,090dd6a3,ryan atienza,2026-04-11,20:22:03,-07:00,2026-04-11T20:22:03-07:00,6,166
resume/index.html,64,html,090dd6a3,ryan atienza,2026-04-11,20:22:03,-07:00,2026-04-11T20:22:03-07:00,6,186
resume/index.html,65,html,090dd6a3,ryan atienza,2026-04-11,20:22:03,-07:00,2026-04-11T20:22:03-07:00,6,233
resume/index.html,66,html,227a89c5,ryan atienza,2026-04-11,21:37:40,-07:00,2026-04-11T21:37:40-07:00,0,0
resume/index.html,67,html,090dd6a3,ryan atienza,2026-04-11,20:22:03,-07:00,2026-04-11T20:22:03-07:00,4,3
resume/index.html,68,html,090dd6a3,ryan atienza,2026-04-11,20:22:03,-07:00,2026-04-11T20:22:03-07:00,2,8
resume/index.html,69,html,090dd6a3,ryan atienza,2026-04-11,20:22:03,-07:00,2026-04-11T20:22:03-07:00,0,0
resume/index.html,70,html,090dd6a3,ryan atienza,2026-04-11,20:22:03,-07:00,2026-04-11T20:22:03-07:00,2,7
resume/index.html,71,html,090dd6a3,ryan atienza,2026-04-11,20:22:03,-07:00,2026-04-11T20:22:03-07:00,4,31
resume/index.html,72,html,090dd6a3,ryan atienza,2026-04-11,20:22:03,-07:00,2026-04-11T20:22:03-07:00,0,0
resume/index.html,73,html,090dd6a3,ryan atienza,2026-04-11,20:22:03,-07:00,2026-04-11T20:22:03-07:00,4,79
resume/index.html,74,html,090dd6a3,ryan atienza,2026-04-11,20:22:03,-07:00,2026-04-11T20:22:03-07:00,4,34
resume/index.html,75,html,090dd6a3,ryan atienza,2026-04-11,20:22:03,-07:00,2026-04-11T20:22:03-07:00,4,2
resume/index.html,76,html,090dd6a3,ryan atienza,2026-04-11,20:22:03,-07:00,2026-04-11T20:22:03-07:00,6,113
resume/index.html,77,html,090dd6a3,ryan atienza,2026-04-11,20:22:03,-07:00,2026-04-11T20:22:03-07:00,6,164
resume/index.html,78,html,090dd6a3,ryan atienza,2026-04-11,20:22:03,-07:00,2026-04-11T20:22:03-07:00,4,3
resume/index.html,79,html,090dd6a3,ryan atienza,2026-04-11,20:22:03,-07:00,2026-04-11T20:22:03-07:00,2,8
resume/index.html,80,html,090dd6a3,ryan atienza,2026-04-11,20:22:03,-07:00,2026-04-11T20:22:03-07:00,0,0
resume/index.html,81,html,090dd6a3,ryan atienza,2026-04-11,20:22:03,-07:00,2026-04-11T20:22:03-07:00,2,7
resume/index.html,82,html,090dd6a3,ryan atienza,2026-04-11,20:22:03,-07:00,2026-04-11T20:22:03-07:00,4,15
resume/index.html,83,html,090dd6a3,ryan atienza,2026-04-11,20:22:03,-07:00,2026-04-11T20:22:03-07:00,4,2
resume/index.html,84,html,090dd6a3,ryan atienza,2026-04-11,20:22:03,-07:00,2026-04-11T20:22:03-07:00,6,39
resume/index.html,85,html,090dd6a3,ryan atienza,2026-04-11,20:22:03,-07:00,2026-04-11T20:22:03-07:00,6,95
resume/index.html,86,html,090dd6a3,ryan atienza,2026-04-11,20:22:03,-07:00,2026-04-11T20:22:03-07:00,4,3
resume/index.html,87,html,090dd6a3,ryan atienza,2026-04-11,20:22:03,-07:00,2026-04-11T20:22:03-07:00,2,8
resume/index.html,88,html,090dd6a3,ryan atienza,2026-04-11,20:22:03,-07:00,2026-04-11T20:22:03-07:00,0,5
resume/index.html,89,html,090dd6a3,ryan atienza,2026-04-11,20:22:03,-07:00,2026-04-11T20:22:03-07:00,0,5
projects/projects.js,1,js,2ff1b7f8,ryan atienza,2026-04-24,19:10:58,-07:00,2026-04-24T19:10:58-07:00,0,55
projects/projects.js,2,js,0ec4269a,ryan atienza,2026-05-01,22:32:58,-07:00,2026-05-01T22:32:58-07:00,0,63
projects/projects.js,3,js,2ff1b7f8,ryan atienza,2026-04-24,19:10:58,-07:00,2026-04-24T19:10:58-07:00,0,0
projects/projects.js,4,js,2ff1b7f8,ryan atienza,2026-04-24,19:10:58,-07:00,2026-04-24T19:10:58-07:00,0,55
projects/projects.js,5,js,2ff1b7f8,ryan atienza,2026-04-24,19:10:58,-07:00,2026-04-24T19:10:58-07:00,0,60
projects/projects.js,6,js,9a87155d,ryan atienza,2026-04-24,19:14:20,-07:00,2026-04-24T19:14:20-07:00,0,0
projects/projects.js,7,js,9a87155d,ryan atienza,2026-04-24,19:14:20,-07:00,2026-04-24T19:14:20-07:00,0,62
projects/projects.js,8,js,2ff1b7f8,ryan atienza,2026-04-24,19:10:58,-07:00,2026-04-24T19:10:58-07:00,0,18
projects/projects.js,9,js,2ff1b7f8,ryan atienza,2026-04-24,19:10:58,-07:00,2026-04-24T19:10:58-07:00,2,58
projects/projects.js,10,js,2ff1b7f8,ryan atienza,2026-04-24,19:10:58,-07:00,2026-04-24T19:10:58-07:00,0,0
projects/projects.js,11,js,2ff1b7f8,ryan atienza,2026-04-24,19:10:58,-07:00,2026-04-24T19:10:58-07:00,0,0
projects/projects.js,12,js,0ec4269a,ryan atienza,2026-05-01,22:32:58,-07:00,2026-05-01T22:32:58-07:00,0,57
projects/projects.js,13,js,0ec4269a,ryan atienza,2026-05-01,22:32:58,-07:00,2026-05-01T22:32:58-07:00,0,47
projects/projects.js,14,js,0ec4269a,ryan atienza,2026-05-01,22:32:58,-07:00,2026-05-01T22:32:58-07:00,0,13
projects/projects.js,15,js,0ec4269a,ryan atienza,2026-05-01,22:32:58,-07:00,2026-05-01T22:32:58-07:00,0,21
projects/projects.js,16,js,0ec4269a,ryan atienza,2026-05-01,22:32:58,-07:00,2026-05-01T22:32:58-07:00,0,0
projects/projects.js,17,js,0ec4269a,ryan atienza,2026-05-01,22:32:58,-07:00,2026-05-01T22:32:58-07:00,0,38
projects/projects.js,18,js,0ec4269a,ryan atienza,2026-05-01,22:32:58,-07:00,2026-05-01T22:32:58-07:00,2,28
projects/projects.js,19,js,0ec4269a,ryan atienza,2026-05-01,22:32:58,-07:00,2026-05-01T22:32:58-07:00,2,32
projects/projects.js,20,js,0ec4269a,ryan atienza,2026-05-01,22:32:58,-07:00,2026-05-01T22:32:58-07:00,2,44
projects/projects.js,21,js,0ec4269a,ryan atienza,2026-05-01,22:32:58,-07:00,2026-05-01T22:32:58-07:00,0,0
projects/projects.js,22,js,0ec4269a,ryan atienza,2026-05-01,22:32:58,-07:00,2026-05-01T22:32:58-07:00,2,26
projects/projects.js,23,js,0ec4269a,ryan atienza,2026-05-01,22:32:58,-07:00,2026-05-01T22:32:58-07:00,4,12
projects/projects.js,24,js,0ec4269a,ryan atienza,2026-05-01,22:32:58,-07:00,2026-05-01T22:32:58-07:00,4,14
projects/projects.js,25,js,0ec4269a,ryan atienza,2026-05-01,22:32:58,-07:00,2026-05-01T22:32:58-07:00,4,11
projects/projects.js,26,js,0ec4269a,ryan atienza,2026-05-01,22:32:58,-07:00,2026-05-01T22:32:58-07:00,2,0
projects/projects.js,27,js,0ec4269a,ryan atienza,2026-05-01,22:32:58,-07:00,2026-05-01T22:32:58-07:00,0,0
projects/projects.js,28,js,0ec4269a,ryan atienza,2026-05-01,22:32:58,-07:00,2026-05-01T22:32:58-07:00,2,44
projects/projects.js,29,js,0ec4269a,ryan atienza,2026-05-01,22:32:58,-07:00,2026-05-01T22:32:58-07:00,4,33
projects/projects.js,30,js,0ec4269a,ryan atienza,2026-05-01,22:32:58,-07:00,2026-05-01T22:32:58-07:00,2,1
projects/projects.js,31,js,0ec4269a,ryan atienza,2026-05-01,22:32:58,-07:00,2026-05-01T22:32:58-07:00,0,0
projects/projects.js,32,js,0ec4269a,ryan atienza,2026-05-01,22:32:58,-07:00,2026-05-01T22:32:58-07:00,2,50
projects/projects.js,33,js,0ec4269a,ryan atienza,2026-05-01,22:32:58,-07:00,2026-05-01T22:32:58-07:00,2,33
projects/projects.js,34,js,0ec4269a,ryan atienza,2026-05-01,22:32:58,-07:00,2026-05-01T22:32:58-07:00,2,45
projects/projects.js,35,js,0ec4269a,ryan atienza,2026-05-01,22:32:58,-07:00,2026-05-01T22:32:58-07:00,0,0
projects/projects.js,36,js,0ec4269a,ryan atienza,2026-05-01,22:32:58,-07:00,2026-05-01T22:32:58-07:00,2,26
projects/projects.js,37,js,0ec4269a,ryan atienza,2026-05-01,22:32:58,-07:00,2026-05-01T22:32:58-07:00,4,4
projects/projects.js,38,js,0ec4269a,ryan atienza,2026-05-01,22:32:58,-07:00,2026-05-01T22:32:58-07:00,4,13
projects/projects.js,39,js,0ec4269a,ryan atienza,2026-05-01,22:32:58,-07:00,2026-05-01T22:32:58-07:00,4,13
projects/projects.js,40,js,0ec4269a,ryan atienza,2026-05-01,22:32:58,-07:00,2026-05-01T22:32:58-07:00,4,24
projects/projects.js,41,js,0ec4269a,ryan atienza,2026-05-01,22:32:58,-07:00,2026-05-01T22:32:58-07:00,4,18
projects/projects.js,42,js,0ec4269a,ryan atienza,2026-05-01,22:32:58,-07:00,2026-05-01T22:32:58-07:00,6,47
projects/projects.js,43,js,0ec4269a,ryan atienza,2026-05-01,22:32:58,-07:00,2026-05-01T22:32:58-07:00,0,0
projects/projects.js,44,js,0ec4269a,ryan atienza,2026-05-01,22:32:58,-07:00,2026-05-01T22:32:58-07:00,6,4
projects/projects.js,45,js,0ec4269a,ryan atienza,2026-05-01,22:32:58,-07:00,2026-05-01T22:32:58-07:00,6,16
projects/projects.js,46,js,0ec4269a,ryan atienza,2026-05-01,22:32:58,-07:00,2026-05-01T22:32:58-07:00,6,62
projects/projects.js,47,js,0ec4269a,ryan atienza,2026-05-01,22:32:58,-07:00,2026-05-01T22:32:58-07:00,0,0
projects/projects.js,48,js,0ec4269a,ryan atienza,2026-05-01,22:32:58,-07:00,2026-05-01T22:32:58-07:00,6,18
projects/projects.js,49,js,0ec4269a,ryan atienza,2026-05-01,22:32:58,-07:00,2026-05-01T22:32:58-07:00,6,14
projects/projects.js,50,js,0ec4269a,ryan atienza,2026-05-01,22:32:58,-07:00,2026-05-01T22:32:58-07:00,6,85
projects/projects.js,51,js,0ec4269a,ryan atienza,2026-05-01,22:32:58,-07:00,2026-05-01T22:32:58-07:00,0,0
projects/projects.js,52,js,0ec4269a,ryan atienza,2026-05-01,22:32:58,-07:00,2026-05-01T22:32:58-07:00,6,37
projects/projects.js,53,js,0ec4269a,ryan atienza,2026-05-01,22:32:58,-07:00,2026-05-01T22:32:58-07:00,8,53
projects/projects.js,54,js,0ec4269a,ryan atienza,2026-05-01,22:32:58,-07:00,2026-05-01T22:32:58-07:00,8,54
projects/projects.js,55,js,0ec4269a,ryan atienza,2026-05-01,22:32:58,-07:00,2026-05-01T22:32:58-07:00,8,77
projects/projects.js,56,js,0ec4269a,ryan atienza,2026-05-01,22:32:58,-07:00,2026-05-01T22:32:58-07:00,8,33
projects/projects.js,57,js,0ec4269a,ryan atienza,2026-05-01,22:32:58,-07:00,2026-05-01T22:32:58-07:00,6,1
projects/projects.js,58,js,0ec4269a,ryan atienza,2026-05-01,22:32:58,-07:00,2026-05-01T22:32:58-07:00,0,0
projects/projects.js,59,js,0ec4269a,ryan atienza,2026-05-01,22:32:58,-07:00,2026-05-01T22:32:58-07:00,6,48
projects/projects.js,60,js,0ec4269a,ryan atienza,2026-05-01,22:32:58,-07:00,2026-05-01T22:32:58-07:00,4,1
projects/projects.js,61,js,0ec4269a,ryan atienza,2026-05-01,22:32:58,-07:00,2026-05-01T22:32:58-07:00,2,1
projects/projects.js,62,js,0ec4269a,ryan atienza,2026-05-01,22:32:58,-07:00,2026-05-01T22:32:58-07:00,0,0
projects/projects.js,63,js,0ec4269a,ryan atienza,2026-05-01,22:32:58,-07:00,2026-05-01T22:32:58-07:00,3,0
projects/projects.js,64,js,0ec4269a,ryan atienza,2026-05-01,22:32:58,-07:00,2026-05-01T22:32:58-07:00,2,32
projects/projects.js,65,js,0ec4269a,ryan atienza,2026-05-01,22:32:58,-07:00,2026-05-01T22:32:58-07:00,2,24
projects/projects.js,66,js,0ec4269a,ryan atienza,2026-05-01,22:32:58,-07:00,2026-05-01T22:32:58-07:00,3,17
projects/projects.js,67,js,0ec4269a,ryan atienza,2026-05-01,22:32:58,-07:00,2026-05-01T22:32:58-07:00,4,27
projects/projects.js,68,js,0ec4269a,ryan atienza,2026-05-01,22:32:58,-07:00,2026-05-01T22:32:58-07:00,4,38
projects/projects.js,69,js,0ec4269a,ryan atienza,2026-05-01,22:32:58,-07:00,2026-05-01T22:32:58-07:00,4,69
projects/projects.js,70,js,0ec4269a,ryan atienza,2026-05-01,22:32:58,-07:00,2026-05-01T22:32:58-07:00,2,1
projects/projects.js,71,js,0ec4269a,ryan atienza,2026-05-01,22:32:58,-07:00,2026-05-01T22:32:58-07:00,0,0
projects/projects.js,72,js,0ec4269a,ryan atienza,2026-05-01,22:32:58,-07:00,2026-05-01T22:32:58-07:00,0,0
projects/projects.js,73,js,0ec4269a,ryan atienza,2026-05-01,22:32:58,-07:00,2026-05-01T22:32:58-07:00,0,48
projects/projects.js,74,js,0ec4269a,ryan atienza,2026-05-01,22:32:58,-07:00,2026-05-01T22:32:58-07:00,0,23
projects/projects.js,75,js,0ec4269a,ryan atienza,2026-05-01,22:32:58,-07:00,2026-05-01T22:32:58-07:00,0,0
projects/projects.js,76,js,0ec4269a,ryan atienza,2026-05-01,22:32:58,-07:00,2026-05-01T22:32:58-07:00,0,53
projects/projects.js,77,js,0ec4269a,ryan atienza,2026-05-01,22:32:58,-07:00,2026-05-01T22:32:58-07:00,0,48
projects/projects.js,78,js,0ec4269a,ryan atienza,2026-05-01,22:32:58,-07:00,2026-05-01T22:32:58-07:00,2,25
projects/projects.js,79,js,0ec4269a,ryan atienza,2026-05-01,22:32:58,-07:00,2026-05-01T22:32:58-07:00,2,17
projects/projects.js,80,js,0ec4269a,ryan atienza,2026-05-01,22:32:58,-07:00,2026-05-01T22:32:58-07:00,0,0
projects/projects.js,81,js,0ec4269a,ryan atienza,2026-05-01,22:32:58,-07:00,2026-05-01T22:32:58-07:00,2,51
projects/projects.js,82,js,0ec4269a,ryan atienza,2026-05-01,22:32:58,-07:00,2026-05-01T22:32:58-07:00,4,59
projects/projects.js,83,js,0ec4269a,ryan atienza,2026-05-01,22:32:58,-07:00,2026-05-01T22:32:58-07:00,4,42
projects/projects.js,84,js,0ec4269a,ryan atienza,2026-05-01,22:32:58,-07:00,2026-05-01T22:32:58-07:00,2,1
projects/projects.js,85,js,0ec4269a,ryan atienza,2026-05-01,22:32:58,-07:00,2026-05-01T22:32:58-07:00,0,0
projects/projects.js,86,js,0ec4269a,ryan atienza,2026-05-01,22:32:58,-07:00,2026-05-01T22:32:58-07:00,2,56
projects/projects.js,87,js,0ec4269a,ryan atienza,2026-05-01,22:32:58,-07:00,2026-05-01T22:32:58-07:00,2,31
projects/projects.js,88,js,0ec4269a,ryan atienza,2026-05-01,22:32:58,-07:00,2026-05-01T22:32:58-07:00,0,1
projects/index.html,1,html,d9202441,ryan atienza,2026-04-06,21:34:46,-07:00,2026-04-06T21:34:46-07:00,0,13
projects/index.html,2,html,d9202441,ryan atienza,2026-04-06,21:34:46,-07:00,2026-04-06T21:34:46-07:00,0,14
projects/index.html,3,html,d9202441,ryan atienza,2026-04-06,21:34:46,-07:00,2026-04-06T21:34:46-07:00,0,4
projects/index.html,4,html,d9202441,ryan atienza,2026-04-06,21:34:46,-07:00,2026-04-06T21:34:46-07:00,2,20
projects/index.html,5,html,d9202441,ryan atienza,2026-04-06,21:34:46,-07:00,2026-04-06T21:34:46-07:00,2,68
projects/index.html,6,html,d9202441,ryan atienza,2026-04-06,21:34:46,-07:00,2026-04-06T21:34:46-07:00,2,21
projects/index.html,7,html,227a89c5,ryan atienza,2026-04-11,21:37:40,-07:00,2026-04-11T21:37:40-07:00,2,41
projects/index.html,8,html,2ff1b7f8,ryan atienza,2026-04-24,19:10:58,-07:00,2026-04-24T19:10:58-07:00,2,48
projects/index.html,9,html,2ff1b7f8,ryan atienza,2026-04-24,19:10:58,-07:00,2026-04-24T19:10:58-07:00,2,47
projects/index.html,10,html,d9202441,ryan atienza,2026-04-06,21:34:46,-07:00,2026-04-06T21:34:46-07:00,0,5
projects/index.html,11,html,d9202441,ryan atienza,2026-04-06,21:34:46,-07:00,2026-04-06T21:34:46-07:00,0,4
projects/index.html,12,html,2ff1b7f8,ryan atienza,2026-04-24,19:10:58,-07:00,2026-04-24T19:10:58-07:00,2,40
projects/index.html,13,html,0ec4269a,ryan atienza,2026-05-01,22:32:58,-07:00,2026-05-01T22:32:58-07:00,0,0
projects/index.html,14,html,0ec4269a,ryan atienza,2026-05-01,22:32:58,-07:00,2026-05-01T22:32:58-07:00,2,27
projects/index.html,15,html,0ec4269a,ryan atienza,2026-05-01,22:32:58,-07:00,2026-05-01T22:32:58-07:00,4,59
projects/index.html,16,html,0ec4269a,ryan atienza,2026-05-01,22:32:58,-07:00,2026-05-01T22:32:58-07:00,4,22
projects/index.html,17,html,7c752d1a,ryan atienza,2026-04-11,21:44:39,-07:00,2026-04-11T21:44:39-07:00,2,4
projects/index.html,18,html,9b01af63,ryan atienza,2026-04-24,19:19:57,-07:00,2026-04-24T19:19:57-07:00,0,0
projects/index.html,19,html,0ec4269a,ryan atienza,2026-05-01,22:32:58,-07:00,2026-05-01T22:32:58-07:00,2,4
projects/index.html,20,html,0ec4269a,ryan atienza,2026-05-01,22:32:58,-07:00,2026-05-01T22:32:58-07:00,4,15
projects/index.html,21,html,0ec4269a,ryan atienza,2026-05-01,22:32:58,-07:00,2026-05-01T22:32:58-07:00,4,11
projects/index.html,22,html,0ec4269a,ryan atienza,2026-05-01,22:32:58,-07:00,2026-05-01T22:32:58-07:00,4,26
projects/index.html,23,html,0ec4269a,ryan atienza,2026-05-01,22:32:58,-07:00,2026-05-01T22:32:58-07:00,4,31
projects/index.html,24,html,0ec4269a,ryan atienza,2026-05-01,22:32:58,-07:00,2026-05-01T22:32:58-07:00,2,0
projects/index.html,25,html,0ec4269a,ryan atienza,2026-05-01,22:32:58,-07:00,2026-05-01T22:32:58-07:00,2,26
projects/index.html,26,html,d9202441,ryan atienza,2026-04-06,21:34:46,-07:00,2026-04-06T21:34:46-07:00,0,5
projects/index.html,27,html,d9202441,ryan atienza,2026-04-06,21:34:46,-07:00,2026-04-06T21:34:46-07:00,0,5
contact/index.html,1,html,d9202441,ryan atienza,2026-04-06,21:34:46,-07:00,2026-04-06T21:34:46-07:00,0,13
contact/index.html,2,html,d9202441,ryan atienza,2026-04-06,21:34:46,-07:00,2026-04-06T21:34:46-07:00,0,14
contact/index.html,3,html,d9202441,ryan atienza,2026-04-06,21:34:46,-07:00,2026-04-06T21:34:46-07:00,0,4
contact/index.html,4,html,d9202441,ryan atienza,2026-04-06,21:34:46,-07:00,2026-04-06T21:34:46-07:00,2,20
contact/index.html,5,html,d9202441,ryan atienza,2026-04-06,21:34:46,-07:00,2026-04-06T21:34:46-07:00,2,68
contact/index.html,6,html,d9202441,ryan atienza,2026-04-06,21:34:46,-07:00,2026-04-06T21:34:46-07:00,2,25
contact/index.html,7,html,b00dbcb5,ryan atienza,2026-04-11,21:25:12,-07:00,2026-04-11T21:25:12-07:00,2,41
contact/index.html,8,html,5e5e36aa,ryan atienza,2026-04-18,19:31:06,-07:00,2026-04-18T19:31:06-07:00,2,49
contact/index.html,9,html,d9202441,ryan atienza,2026-04-06,21:34:46,-07:00,2026-04-06T21:34:46-07:00,0,5
contact/index.html,10,html,d9202441,ryan atienza,2026-04-06,21:34:46,-07:00,2026-04-06T21:34:46-07:00,0,4
contact/index.html,11,html,35e97a95,ryan atienza,2026-04-18,19:57:59,-07:00,2026-04-18T19:57:59-07:00,2,8
contact/index.html,12,html,d9202441,ryan atienza,2026-04-06,21:34:46,-07:00,2026-04-06T21:34:46-07:00,4,32
contact/index.html,13,html,d9202441,ryan atienza,2026-04-06,21:34:46,-07:00,2026-04-06T21:34:46-07:00,4,45
contact/index.html,14,html,596b1add,ryan atienza,2026-04-18,19:36:09,-07:00,2026-04-18T19:36:09-07:00,4,42
contact/index.html,15,html,b00dbcb5,ryan atienza,2026-04-11,21:25:12,-07:00,2026-04-11T21:25:12-07:00,4,41
contact/index.html,16,html,d9202441,ryan atienza,2026-04-06,21:34:46,-07:00,2026-04-06T21:34:46-07:00,4,55
contact/index.html,17,html,35e97a95,ryan atienza,2026-04-18,19:57:59,-07:00,2026-04-18T19:57:59-07:00,2,8
contact/index.html,18,html,8208cee0,ryan atienza,2026-04-11,22:05:04,-07:00,2026-04-11T22:05:04-07:00,2,16
contact/index.html,19,html,8b6be72f,ryan atienza,2026-04-18,20:30:54,-07:00,2026-04-18T20:30:54-07:00,2,51
contact/index.html,20,html,227a89c5,ryan atienza,2026-04-11,21:37:40,-07:00,2026-04-11T21:37:40-07:00,4,28
contact/index.html,21,html,227a89c5,ryan atienza,2026-04-11,21:37:40,-07:00,2026-04-11T21:37:40-07:00,6,45
contact/index.html,22,html,227a89c5,ryan atienza,2026-04-11,21:37:40,-07:00,2026-04-11T21:37:40-07:00,4,6
contact/index.html,23,html,227a89c5,ryan atienza,2026-04-11,21:37:40,-07:00,2026-04-11T21:37:40-07:00,4,25
contact/index.html,24,html,227a89c5,ryan atienza,2026-04-11,21:37:40,-07:00,2026-04-11T21:37:40-07:00,6,52
contact/index.html,25,html,227a89c5,ryan atienza,2026-04-11,21:37:40,-07:00,2026-04-11T21:37:40-07:00,4,6
contact/index.html,26,html,b00dbcb5,ryan atienza,2026-04-11,21:25:12,-07:00,2026-04-11T21:25:12-07:00,4,43
contact/index.html,27,html,d9202441,ryan atienza,2026-04-06,21:34:46,-07:00,2026-04-06T21:34:46-07:00,2,5
contact/index.html,28,html,d9202441,ryan atienza,2026-04-06,21:34:46,-07:00,2026-04-06T21:34:46-07:00,0,5
contact/index.html,29,html,d9202441,ryan atienza,2026-04-06,21:34:46,-07:00,2026-04-06T21:34:46-07:00,0,5
